Name,Tags
A Potent Mixture,Crafting
Brewer's Best Friend,Crafting
Ink and Quill,Skills
An Unbreakable Bed,Crafting
Around the worlds in 50 Maps,Skills
Puss in Boots,Crafting
Chef's Kiss,Crafting
Who am I?,Skills
A signature is worth a thousand words.,Skills
Gambler's Friend,Skills
Rose Tinted World,Crafting
Herbs without Limits,Crafting
Making the most of your stones and metals,Crafting
The Long Voyage,Skills
The Second Skin,Crafting
"Lifelike, A work by Martellus",Crafting
The Fine Note,"Crafting, Skills"
Look up not Forward,Skills
Kinder than the Canvas,"Crafting, Skills"
Granny's Secrets,Crafting
Dizzy Potter,Crafting
The Talking Sword,Crafting
Tumblers and Pins,Skills
Finkle Twinkle Little Tinker,Crafting
Never Ending Dress,Crafting
"Fletching, Fellintran Style",Crafting
A Path Through the Golden Fields,Story
The Pigeon and the Eagle,Story
The prince and his never-ending bag of gold,Story
The Queen’s Protection,Story
Death by Ego,Story
Death and Beyond,Knowledge
Heathens of the Soul,Knowledge
Tastes of Twilight,Knowledge
Price of Life Vol 1,"Knowledge, Religion"
Price of Life Vol 2,"Knowledge, Religion"
Sunstriker Legends Vol 1,History
Sunstriker Legends Vol 2,History
Sunstriker Legends Vol 3,History
Sunstriker Legends Vol 4,History
Sunstriker Legends Vol 5,History
Sunstriker Legends Vol 6,History
Musings of a Mad Man: The Void,"Fiction, History, Knowledge"
Sacred Shores,Religion
Culinary Wonders of Aeternum,"Knowledge, Skills"
True History of Valkoria,History
The White Death: Dragonslayer Stories,History
"Live by the hammer, die by the forge.","Religion, Tradition"
Manifesta Manae,"Crafting, Extremely Rare"